{"cameraMode":{"drawMode":0,"name":"Shaded","section":"Shading Mode"},"sceneLighting":true,"audioPlay":false,"sceneViewState":{"showFog":true,"showMaterialUpdate":false,"showSkybox":true,"showFlares":true,"showImageEffects":true,"showParticleSystems":true},"in2DMode":false,"pivot":{"x":-3.7762324810028078,"y":-0.9220460653305054,"z":-12.019429206848145},"rotation":{"x":-0.003431979799643159,"y":0.9964235424995422,"z":-0.06767086684703827,"w":-0.05056067556142807},"size":18.100587844848634,"orthographic":false}